/*
	Author: Marc-Andre Bossanyi
	Email: ma.bossanyi@gmail.com
	Creation Date: 2023/11/06
	Last Updated: 2023/11/20
	Honkai: Star Rail - 1.5 (Phase 1)
*/

-- Script INSERT for the table "Type"
INSERT INTO Type (idType, name, isDeleted) VALUES (1 ,'Fire', false);
INSERT INTO Type (idType, name, isDeleted) VALUES (2 ,'Ice', false);
INSERT INTO Type (idType, name, isDeleted) VALUES (3 ,'Imaginary', false);
INSERT INTO Type (idType, name, isDeleted) VALUES (4 ,'Lightning', false);
INSERT INTO Type (idType, name, isDeleted) VALUES (5 ,'Physical', false);
INSERT INTO Type (idType, name, isDeleted) VALUES (6 ,'Quantum', false);
INSERT INTO Type (idType, name, isDeleted) VALUES (7 ,'Wind', false);

-- Script INSERT for the table "Path"
INSERT INTO Path (idPath, name, isDeleted) VALUES (1, 'The Abundance', false);
INSERT INTO Path (idPath, name, isDeleted) VALUES (2, 'The Destruction', false);
INSERT INTO Path (idPath, name, isDeleted) VALUES (3, 'The Erudition', false);
INSERT INTO Path (idPath, name, isDeleted) VALUES (4, 'The Harmony', false);
INSERT INTO Path (idPath, name, isDeleted) VALUES (5, 'The Hunt', false);
INSERT INTO Path (idPath, name, isDeleted) VALUES (6, 'The Nihility', false);
INSERT INTO Path (idPath, name, isDeleted) VALUES (7, 'The Preservation', false);

-- Script INSERT for the table "Item"
INSERT INTO Item (idItem, name, isDeleted) VALUES (1, 'Band of Sizzling Thunder', false);
INSERT INTO Item (idItem, name, isDeleted) VALUES (2, 'Champion of Streetwise Boxing', false);
INSERT INTO Item (idItem, name, isDeleted) VALUES (3, 'Eagle of Twilight Line', false);
INSERT INTO Item (idItem, name, isDeleted) VALUES (4, 'Firesmith of Lava-Forging', false);
INSERT INTO Item (idItem, name, isDeleted) VALUES (5, 'Genius of Brilliant Stars', false);
INSERT INTO Item (idItem, name, isDeleted) VALUES (6, 'Guard of Wuthering Snow', false);
INSERT INTO Item (idItem, name, isDeleted) VALUES (7, 'Hunter of Glacial Forest', false);
INSERT INTO Item (idItem, name, isDeleted) VALUES (8, 'Knight of Purity Palace', false);
INSERT INTO Item (idItem, name, isDeleted) VALUES (9, 'Longevous Disciple', false);
INSERT INTO Item (idItem, name, isDeleted) VALUES (10, 'Messenger Traversing Hackerspace', false);
INSERT INTO Item (idItem, name, isDeleted) VALUES (11, 'Musketeer of Wild Wheat', false);
INSERT INTO Item (idItem, name, isDeleted) VALUES (12, 'Passerby of Wandering Cloud', false);
INSERT INTO Item (idItem, name, isDeleted) VALUES (13, 'Prisoner in Deep Confinement', false);
INSERT INTO Item (idItem, name, isDeleted) VALUES (14, 'The Ashblazing Grand Duke', false);
INSERT INTO Item (idItem, name, isDeleted) VALUES (15, 'Thief of Shooting Meteor', false);
INSERT INTO Item (idItem, name, isDeleted) VALUES (16, 'Wastelander of Banditry Desert', false);
INSERT INTO Item (idItem, name, isDeleted) VALUES (17, 'Belobog of the Architects', false);
INSERT INTO Item (idItem, name, isDeleted) VALUES (18, 'Broken Keel', false);
INSERT INTO Item (idItem, name, isDeleted) VALUES (19, 'Celestial Differentiator', false);
INSERT INTO Item (idItem, name, isDeleted) VALUES (20, 'Firmament Frontline: Glamoth', false);
INSERT INTO Item (idItem, name, isDeleted) VALUES (21, 'Fleet of the Ageless', false);
INSERT INTO Item (idItem, name, isDeleted) VALUES (22, 'Inert Salsotto', false);
INSERT INTO Item (idItem, name, isDeleted) VALUES (23, 'Pan-Galactic Commercial Enterprise', false);
INSERT INTO Item (idItem, name, isDeleted) VALUES (24, 'Penacony, Land of the Dreams', false);
INSERT INTO Item (idItem, name, isDeleted) VALUES (25, 'Rutilant Arena', false);
INSERT INTO Item (idItem, name, isDeleted) VALUES (26, 'Space Sealing Station', false);
INSERT INTO Item (idItem, name, isDeleted) VALUES (27, 'Sprightly Vonwacq', false);
INSERT INTO Item (idItem, name, isDeleted) VALUES (28, 'Talia: Kingdom of Banditry', false);

-- Script INSERT for the table "ItemsSet"
INSERT INTO ItemsSet (idItem, quantity, description) VALUES (1, 2, 'Increases Lightning DMG by 10%.');
INSERT INTO ItemsSet (idItem, quantity, description) VALUES (1, 4, 'When the wearer uses their Skill, increases the wearer''s ATK by 20% for 1 turn(s).');
INSERT INTO ItemsSet (idItem, quantity, description) VALUES (2, 2, 'Increases Physical DMG by 10%.');
INSERT INTO ItemsSet (idItem, quantity, description) VALUES (2, 4, 'After the wearer attacks or is hit, their ATK increases by 5% for the rest of the battle. This effect can stack up to 5 time(s).');
INSERT INTO ItemsSet (idItem, quantity, description) VALUES (3, 2, 'Increases Wind DMG by 10%.');
INSERT INTO ItemsSet (idItem, quantity, description) VALUES (3, 4, 'After the wearer uses their Ultimate, their action is Advanced Forward by 25%.');
INSERT INTO ItemsSet (idItem, quantity, description) VALUES (4, 2, 'Increases Fire DMG by 10%.');
INSERT INTO ItemsSet (idItem, quantity, description) VALUES (4, 4, 'Increases the wearer''s Skill DMG by 12%. After unleashing Ultimate, increases the wearer''s Fire DMG by 12% for the next attack.');
INSERT INTO ItemsSet (idItem, quantity, description) VALUES (5, 2, 'Increases Quantum DMG by 10%.');
INSERT INTO ItemsSet (idItem, quantity, description) VALUES (5, 4, 'When the wearer deals DMG to the target enemy, ignores 10% DEF. If the target enemy has Quantum Weakness, the wearer additionally ignores 10% DEF.');
INSERT INTO ItemsSet (idItem, quantity, description) VALUES (6, 2, 'Reduces DMG taken by 8%.');
INSERT INTO ItemsSet (idItem, quantity, description) VALUES (6, 4, 'At the beginning of the turn, if the wearer''s HP is equal to or less than 50%, restores HP equal to 8% of their Max HP and regenerates 5 Energy.');
INSERT INTO ItemsSet (idItem, quantity, description) VALUES (7, 2, 'Increases Ice DMG by 10%.');
INSERT INTO ItemsSet (idItem, quantity, description) VALUES (7, 4, 'After the wearer uses their Ultimate, their CRIT DMG increases by 25% for 2 turn(s).');
INSERT INTO ItemsSet (idItem, quantity, description) VALUES (8, 2, 'Increases DEF by 12%.');
INSERT INTO ItemsSet (idItem, quantity, description) VALUES (8, 4, 'Increases the max DMG that can be absorbed by the Shield created by the wearer by 20%.');
INSERT INTO ItemsSet (idItem, quantity, description) VALUES (9, 2, 'Increases Max HP by 12%.');
INSERT INTO ItemsSet (idItem, quantity, description) VALUES (9, 4, 'When the wearer is hit or has their HP consumed by an ally or themselves, their CRIT Rate increases by 8% for 2 turn(s) and up to 2 stacks.');
INSERT INTO ItemsSet (idItem, quantity, description) VALUES (10, 2, 'Increases SPD by 6%.');
INSERT INTO ItemsSet (idItem, quantity, description) VALUES (10, 4, 'When the wearer uses their Ultimate on an ally, SPD for all allies increases by 12% for 1 turn(s). This effect cannot be stacked.');
INSERT INTO ItemsSet (idItem, quantity, description) VALUES (11, 2, 'ATK increases by 10%.');
INSERT INTO ItemsSet (idItem, quantity, description) VALUES (11, 4, 'The wearer''s SPD increases by 6% and Basic ATK DMG increases by 10%.');
INSERT INTO ItemsSet (idItem, quantity, description) VALUES (12, 2, 'Increases Outgoing Healing by 10%.');
INSERT INTO ItemsSet (idItem, quantity, description) VALUES (12, 4, 'At the start of the battle, immediately regenerates 1 Skill Point.');
INSERT INTO ItemsSet (idItem, quantity, description) VALUES (13, 2, 'ATK increases by 12%.');
INSERT INTO ItemsSet (idItem, quantity, description) VALUES (13, 4, 'For every DoT the target enemy is afflicted with, the wearer will ignore 6% of its DEF when dealing DMG to it. This effect is valid for a max of 3 DoTs.');
INSERT INTO ItemsSet (idItem, quantity, description) VALUES (14, 2, 'Increases the DMG dealt by follow-up attacks by 20%.');
INSERT INTO ItemsSet (idItem, quantity, description) VALUES (14, 4, 'When the wearer uses follow-up attacks, increases the wearer''s ATK by 6% every time the follow-up attack deals DMG. This effect can stack up to 8 time(s) and lasts for 3 turn(s). This effect is removed the next time the wearer uses a follow-up attack.');
INSERT INTO ItemsSet (idItem, quantity, description) VALUES (15, 2, 'Increases Break Effect by 20%.');
INSERT INTO ItemsSet (idItem, quantity, description) VALUES (15, 4, 'Increases the wearer''s Break Effect by 16%. When the wearer inflicts Weakness Break on an enemy, regenerates 3 Energy.');
INSERT INTO ItemsSet (idItem, quantity, description) VALUES (16, 2, 'Increases Imaginary DMG by 10%.');
INSERT INTO ItemsSet (idItem, quantity, description) VALUES (16, 4, 'When attacking debuffed enemies, the wearer''s CRIT Rate increases by 10%, and their CRIT DMG increases by 20% against Imprisoned enemies.');
INSERT INTO ItemsSet (idItem, quantity, description) VALUES (17, 2, 'Increases the wearer''s DEF by 15%. When the wearer''s Effect Hit Rate is 50% or higher, the wearer gains an extra 15% DEF.');
INSERT INTO ItemsSet (idItem, quantity, description) VALUES (18, 2, 'Increases the wearer''s Effect RES by 10%. When the wearer''s Effect RES is at 30% or higher, all allies'' CRIT DMG increases by 10%.');
INSERT INTO ItemsSet (idItem, quantity, description) VALUES (19, 2, 'Increases the wearer''s CRIT DMG by 16%. When the wearer''s current CRIT DMG reaches 120% or higher, after entering battle, the wearer''s CRIT Rate increases by 60% until the end of their first attack.');
INSERT INTO ItemsSet (idItem, quantity, description) VALUES (20, 2, 'Increases the wearer''s ATK by 12%. When the wearer''s SPD is equal to or higher than 135/160, the wearer deals 12%/18% more DMG.');
INSERT INTO ItemsSet (idItem, quantity, description) VALUES (21, 2, 'Increases the wearer''s Max HP by 12%. When the wearer''s SPD reaches 120 or higher, all allies'' ATK increases by 8%.');
INSERT INTO ItemsSet (idItem, quantity, description) VALUES (22, 2, 'Increases the wearer''s CRIT Rate by 8%. When the wearer''s current CRIT Rate reaches 50% or higher, the wearer''s Ultimate and follow-up attack DMG increases by 15%.');
INSERT INTO ItemsSet (idItem, quantity, description) VALUES (23, 2, 'Increases the wearer''s Effect Hit Rate by 10%. Meanwhile, the wearer''s ATK increases by an amount that is equal to 25% of the current Effect Hit Rate, up to a maximum of 25%.');
INSERT INTO ItemsSet (idItem, quantity, description) VALUES (24, 2, 'Increases wearer''s Energy Regeneration Rate by 5%. Increases DMG by 10% for all other allies that are of the same Type as the wearer.');
INSERT INTO ItemsSet (idItem, quantity, description) VALUES (25, 2, 'Increases the wearer''s CRIT Rate by 8%. When the wearer''s current CRIT Rate reaches 70% or higher, the wearer''s Basic ATK and Skill DMG increase by 20%.');
INSERT INTO ItemsSet (idItem, quantity, description) VALUES (26, 2, 'Increases the wearer''s ATK by 12%. When the wearer''s SPD reaches 120 or higher, the wearer''s ATK increases by an extra 12%.');
INSERT INTO ItemsSet (idItem, quantity, description) VALUES (27, 2, 'Increases the wearer''s Energy Regeneration Rate by 5%. When the wearer''s SPD reaches 120 or higher, the wearer''s action is Advanced Forward by 40% immediately upon entering battle.');
INSERT INTO ItemsSet (idItem, quantity, description) VALUES (28, 2, 'Increases the wearer''s Break Effect by 16%. When the wearer''s SPD reaches 145 or higher, the wearer''s Break effect increases by an extra 20%.');

-- Script INSERT for the table "Stat"
INSERT INTO Stat (idStat, name, isDeleted) VALUES (1, 'ATK', false);
INSERT INTO Stat (idStat, name, isDeleted) VALUES (2, 'ATK%', false);
INSERT INTO Stat (idStat, name, isDeleted) VALUES (3, 'ATK% / Break Effect', false);
INSERT INTO Stat (idStat, name, isDeleted) VALUES (4, 'ATK% / Effect Hit Rate', false);
INSERT INTO Stat (idStat, name, isDeleted) VALUES (5, 'ATK% / Energy Regen Rate', false);
INSERT INTO Stat (idStat, name, isDeleted) VALUES (6, 'ATK% / Speed', false);
INSERT INTO Stat (idStat, name, isDeleted) VALUES (7, 'Break Effect', false);
INSERT INTO Stat (idStat, name, isDeleted) VALUES (8, 'CRIT DMG', false);
INSERT INTO Stat (idStat, name, isDeleted) VALUES (9, 'CRIT DMG / CRIT Rate', false);
INSERT INTO Stat (idStat, name, isDeleted) VALUES (10, 'CRIT DMG / CRIT Rate / Effect Hit Rate', false);
INSERT INTO Stat (idStat, name, isDeleted) VALUES (11, 'CRIT Rate', false);
INSERT INTO Stat (idStat, name, isDeleted) VALUES (12, 'DEF', false);
INSERT INTO Stat (idStat, name, isDeleted) VALUES (13, 'DEF%', false);
INSERT INTO Stat (idStat, name, isDeleted) VALUES (14, 'DEF% / Effect Hit Rate', false);
INSERT INTO Stat (idStat, name, isDeleted) VALUES (15, 'DEF% / Energy Regen Rate', false);
INSERT INTO Stat (idStat, name, isDeleted) VALUES (16, 'DEF% / Ice DMG', false);
INSERT INTO Stat (idStat, name, isDeleted) VALUES (17, 'DEF% / Speed', false);
INSERT INTO Stat (idStat, name, isDeleted) VALUES (18, 'Effect Hit Rate', false);
INSERT INTO Stat (idStat, name, isDeleted) VALUES (19, 'Effect RES', false);
INSERT INTO Stat (idStat, name, isDeleted) VALUES (20, 'Energy Regen Rate', false);
INSERT INTO Stat (idStat, name, isDeleted) VALUES (21, 'Energy Regen Rate / HP%', false);
INSERT INTO Stat (idStat, name, isDeleted) VALUES (22, 'Energy Regen Rate / Speed', false);
INSERT INTO Stat (idStat, name, isDeleted) VALUES (23, 'Fire DMG', false);
INSERT INTO Stat (idStat, name, isDeleted) VALUES (24, 'HP', false);
INSERT INTO Stat (idStat, name, isDeleted) VALUES (25, 'HP%', false);
INSERT INTO Stat (idStat, name, isDeleted) VALUES (26, 'HP% / Speed', false);
INSERT INTO Stat (idStat, name, isDeleted) VALUES (27, 'Ice DMG', false);
INSERT INTO Stat (idStat, name, isDeleted) VALUES (28, 'Imaginary DMG', false);
INSERT INTO Stat (idStat, name, isDeleted) VALUES (29, 'Lightning DMG', false);
INSERT INTO Stat (idStat, name, isDeleted) VALUES (30, 'Outgoing Healing Boost', false);
INSERT INTO Stat (idStat, name, isDeleted) VALUES (31, 'Physical DMG', false);
INSERT INTO Stat (idStat, name, isDeleted) VALUES (32, 'Quantum DMG', false);
INSERT INTO Stat (idStat, name, isDeleted) VALUES (33, 'Speed', false);
INSERT INTO Stat (idStat, name, isDeleted) VALUES (34, 'Wind DMG', false);

-- Script INSERT for the table "Slot"
INSERT INTO Slot (idSlot, name, isDeleted) VALUES (1, 'Body', false);
INSERT INTO Slot (idSlot, name, isDeleted) VALUES (2, 'Feet', false);
INSERT INTO Slot (idSlot, name, isDeleted) VALUES (3, 'Planar Sphere', false);
INSERT INTO Slot (idSlot, name, isDeleted) VALUES (4, 'Link Rope', false);
INSERT INTO Slot (idSlot, name, isDeleted) VALUES (5, 'Substat 1', false);
INSERT INTO Slot (idSlot, name, isDeleted) VALUES (6, 'Substat 2', false);
INSERT INTO Slot (idSlot, name, isDeleted) VALUES (7, 'Substat 3', false);
INSERT INTO Slot (idSlot, name, isDeleted) VALUES (8, 'Substat 4', false);
INSERT INTO Slot (idSlot, name, isDeleted) VALUES (9, 'Relic 1', false);
INSERT INTO Slot (idSlot, name, isDeleted) VALUES (10, 'Relic 2', false);
INSERT INTO Slot (idSlot, name, isDeleted) VALUES (11, 'Relic 3', false);
INSERT INTO Slot (idSlot, name, isDeleted) VALUES (12, 'Ornament 1', false);
INSERT INTO Slot (idSlot, name, isDeleted) VALUES (13, 'Ornament 2', false);
INSERT INTO Slot (idSlot, name, isDeleted) VALUES (14, 'Ornament 3', false);

-- Script INSERT for the table "Character"
INSERT INTO Character (idCharacter, name, rarity, idType, idPath, isOwned, isDeleted) VALUES (1, 'Bailu', 5, 4, 1, false, false);
INSERT INTO Character (idCharacter, name, rarity, idType, idPath, isOwned, isDeleted) VALUES (2, 'Blade', 5, 7, 2, false, false);
INSERT INTO Character (idCharacter, name, rarity, idType, idPath, isOwned, isDeleted) VALUES (3, 'Bronya', 5, 7, 4, false, false);
INSERT INTO Character (idCharacter, name, rarity, idType, idPath, isOwned, isDeleted) VALUES (4, 'Clara', 5, 5, 2, false, false);
INSERT INTO Character (idCharacter, name, rarity, idType, idPath, isOwned, isDeleted) VALUES (5, 'Dan Heng - Imbibitor Lunae', 5, 3, 2, false, false);
INSERT INTO Character (idCharacter, name, rarity, idType, idPath, isOwned, isDeleted) VALUES (6, 'Fu Xuan', 5, 6, 7, false, false);
INSERT INTO Character (idCharacter, name, rarity, idType, idPath, isOwned, isDeleted) VALUES (7, 'Gepard', 5, 2, 7, false, false);
INSERT INTO Character (idCharacter, name, rarity, idType, idPath, isOwned, isDeleted) VALUES (8, 'Himeko', 5, 1, 3, false, false);
INSERT INTO Character (idCharacter, name, rarity, idType, idPath, isOwned, isDeleted) VALUES (9, 'Huohuo', 5, 7, 1, false, false);
INSERT INTO Character (idCharacter, name, rarity, idType, idPath, isOwned, isDeleted) VALUES (10, 'Jing Yuan', 5, 4, 3, false, false);
INSERT INTO Character (idCharacter, name, rarity, idType, idPath, isOwned, isDeleted) VALUES (11, 'Jingliu', 5, 2, 2, false, false);
INSERT INTO Character (idCharacter, name, rarity, idType, idPath, isOwned, isDeleted) VALUES (12, 'Kafka', 5, 4, 6, false, false);
INSERT INTO Character (idCharacter, name, rarity, idType, idPath, isOwned, isDeleted) VALUES (13, 'Luocha', 5, 3, 1, false, false);
INSERT INTO Character (idCharacter, name, rarity, idType, idPath, isOwned, isDeleted) VALUES (14, 'Seele', 5, 6, 5, false, false);
INSERT INTO Character (idCharacter, name, rarity, idType, idPath, isOwned, isDeleted) VALUES (15, 'Silver Wolf', 5, 6, 6, false, false);
INSERT INTO Character (idCharacter, name, rarity, idType, idPath, isOwned, isDeleted) VALUES (16, 'Topaz and Numby', 5, 1, 5, false, false);
INSERT INTO Character (idCharacter, name, rarity, idType, idPath, isOwned, isDeleted) VALUES (17, 'Trailblazer (Fire)', 5, 1, 7, false, false);
INSERT INTO Character (idCharacter, name, rarity, idType, idPath, isOwned, isDeleted) VALUES (18, 'Trailblazer (Physical)', 5, 5, 2, false, false);
INSERT INTO Character (idCharacter, name, rarity, idType, idPath, isOwned, isDeleted) VALUES (19, 'Welt', 5, 3, 6, false, false);
INSERT INTO Character (idCharacter, name, rarity, idType, idPath, isOwned, isDeleted) VALUES (20, 'Yanqing', 5, 2, 5, false, false);
INSERT INTO Character (idCharacter, name, rarity, idType, idPath, isOwned, isDeleted) VALUES (21, 'Arlan', 4, 4, 2, false, false);
INSERT INTO Character (idCharacter, name, rarity, idType, idPath, isOwned, isDeleted) VALUES (22, 'Asta', 4, 1, 4, false, false);
INSERT INTO Character (idCharacter, name, rarity, idType, idPath, isOwned, isDeleted) VALUES (23, 'Dan Heng', 4, 7, 5, false, false);
INSERT INTO Character (idCharacter, name, rarity, idType, idPath, isOwned, isDeleted) VALUES (24, 'Guinaifen', 4, 1, 6, false, false);
INSERT INTO Character (idCharacter, name, rarity, idType, idPath, isOwned, isDeleted) VALUES (25, 'Herta', 4, 2, 3, false, false);
INSERT INTO Character (idCharacter, name, rarity, idType, idPath, isOwned, isDeleted) VALUES (26, 'Hook', 4, 1, 2, false, false);
INSERT INTO Character (idCharacter, name, rarity, idType, idPath, isOwned, isDeleted) VALUES (27, 'Luka', 4, 5, 6, false, false);
INSERT INTO Character (idCharacter, name, rarity, idType, idPath, isOwned, isDeleted) VALUES (28, 'Lynx', 4, 6, 1, false, false);
INSERT INTO Character (idCharacter, name, rarity, idType, idPath, isOwned, isDeleted) VALUES (29, 'March 7th', 4, 2, 7, false, false);
INSERT INTO Character (idCharacter, name, rarity, idType, idPath, isOwned, isDeleted) VALUES (30, 'Natasha', 4, 5, 1, false, false);
INSERT INTO Character (idCharacter, name, rarity, idType, idPath, isOwned, isDeleted) VALUES (31, 'Pela', 4, 2, 6, false, false);
INSERT INTO Character (idCharacter, name, rarity, idType, idPath, isOwned, isDeleted) VALUES (32, 'Qingque', 4, 6, 3, false, false);
INSERT INTO Character (idCharacter, name, rarity, idType, idPath, isOwned, isDeleted) VALUES (33, 'Sampo', 4, 7, 6, false, false);
INSERT INTO Character (idCharacter, name, rarity, idType, idPath, isOwned, isDeleted) VALUES (34, 'Serval', 4, 4, 3, false, false);
INSERT INTO Character (idCharacter, name, rarity, idType, idPath, isOwned, isDeleted) VALUES (35, 'Sushang', 4, 5, 5, false, false);
INSERT INTO Character (idCharacter, name, rarity, idType, idPath, isOwned, isDeleted) VALUES (36, 'Tingyun', 4, 4, 4, false, false);
INSERT INTO Character (idCharacter, name, rarity, idType, idPath, isOwned, isDeleted) VALUES (37, 'Yukong', 4, 3, 4, false, false);

-- Script INSERT for the table "CharacterStat"
INSERT INTO CharacterStat (idCharacter, idSlot, idStat) VALUES (1, 1, 30);
INSERT INTO CharacterStat (idCharacter, idSlot, idStat) VALUES (1, 2, 26);
INSERT INTO CharacterStat (idCharacter, idSlot, idStat) VALUES (1, 3, 25);
INSERT INTO CharacterStat (idCharacter, idSlot, idStat) VALUES (1, 4, 21);
INSERT INTO CharacterStat (idCharacter, idSlot, idStat) VALUES (1, 5, 25);
INSERT INTO CharacterStat (idCharacter, idSlot, idStat) VALUES (1, 6, 24);
INSERT INTO CharacterStat (idCharacter, idSlot, idStat) VALUES (1, 7, 33);
INSERT INTO CharacterStat (idCharacter, idSlot, idStat) VALUES (1, 8, 19);
INSERT INTO CharacterStat (idCharacter, idSlot, idStat) VALUES (2, 1, 8);
INSERT INTO CharacterStat (idCharacter, idSlot, idStat) VALUES (2, 2, 26);
INSERT INTO CharacterStat (idCharacter, idSlot, idStat) VALUES (2, 3, 34);
INSERT INTO CharacterStat (idCharacter, idSlot, idStat) VALUES (2, 4, 25);
INSERT INTO CharacterStat (idCharacter, idSlot, idStat) VALUES (2, 5, 9);
INSERT INTO CharacterStat (idCharacter, idSlot, idStat) VALUES (2, 6, 33);
INSERT INTO CharacterStat (idCharacter, idSlot, idStat) VALUES (2, 7, 25);
INSERT INTO CharacterStat (idCharacter, idSlot, idStat) VALUES (2, 8, 24);
INSERT INTO CharacterStat (idCharacter, idSlot, idStat) VALUES (3, 1, 8);
INSERT INTO CharacterStat (idCharacter, idSlot, idStat) VALUES (3, 2, 33);
INSERT INTO CharacterStat (idCharacter, idSlot, idStat) VALUES (3, 3, 34);
INSERT INTO CharacterStat (idCharacter, idSlot, idStat) VALUES (3, 4, 20);
INSERT INTO CharacterStat (idCharacter, idSlot, idStat) VALUES (3, 5, 8);
INSERT INTO CharacterStat (idCharacter, idSlot, idStat) VALUES (3, 6, 33);
INSERT INTO CharacterStat (idCharacter, idSlot, idStat) VALUES (3, 7, 7);
INSERT INTO CharacterStat (idCharacter, idSlot, idStat) VALUES (3, 8, 2);
INSERT INTO CharacterStat (idCharacter, idSlot, idStat) VALUES (4, 1, 9);
INSERT INTO CharacterStat (idCharacter, idSlot, idStat) VALUES (4, 2, 2);
INSERT INTO CharacterStat (idCharacter, idSlot, idStat) VALUES (4, 3, 31);
INSERT INTO CharacterStat (idCharacter, idSlot, idStat) VALUES (4, 4, 2);
INSERT INTO CharacterStat (idCharacter, idSlot, idStat) VALUES (4, 5, 9);
INSERT INTO CharacterStat (idCharacter, idSlot, idStat) VALUES (4, 6, 2);
INSERT INTO CharacterStat (idCharacter, idSlot, idStat) VALUES (4, 7, 1);
INSERT INTO CharacterStat (idCharacter, idSlot, idStat) VALUES (4, 8, 7);
INSERT INTO CharacterStat (idCharacter, idSlot, idStat) VALUES (5, 1, 9);
INSERT INTO CharacterStat (idCharacter, idSlot, idStat) VALUES (5, 2, 6);
INSERT INTO CharacterStat (idCharacter, idSlot, idStat) VALUES (5, 3, 28);
INSERT INTO CharacterStat (idCharacter, idSlot, idStat) VALUES (5, 4, 2);
INSERT INTO CharacterStat (idCharacter, idSlot, idStat) VALUES (5, 5, 9);
INSERT INTO CharacterStat (idCharacter, idSlot, idStat) VALUES (5, 6, 2);
INSERT INTO CharacterStat (idCharacter, idSlot, idStat) VALUES (5, 7, 33);
INSERT INTO CharacterStat (idCharacter, idSlot, idStat) VALUES (5, 8, 7);
INSERT INTO CharacterStat (idCharacter, idSlot, idStat) VALUES (6, 1, 25);
INSERT INTO CharacterStat (idCharacter, idSlot, idStat) VALUES (6, 2, 25);
INSERT INTO CharacterStat (idCharacter, idSlot, idStat) VALUES (6, 3, 13);
INSERT INTO CharacterStat (idCharacter, idSlot, idStat) VALUES (6, 4, 22);
INSERT INTO CharacterStat (idCharacter, idSlot, idStat) VALUES (6, 5, 25);
INSERT INTO CharacterStat (idCharacter, idSlot, idStat) VALUES (6, 6, 13);
INSERT INTO CharacterStat (idCharacter, idSlot, idStat) VALUES (6, 7, 33);
INSERT INTO CharacterStat (idCharacter, idSlot, idStat) VALUES (6, 8, 24);
INSERT INTO CharacterStat (idCharacter, idSlot, idStat) VALUES (7, 1, 14);
INSERT INTO CharacterStat (idCharacter, idSlot, idStat) VALUES (7, 2, 13);
INSERT INTO CharacterStat (idCharacter, idSlot, idStat) VALUES (7, 3, 16);
INSERT INTO CharacterStat (idCharacter, idSlot, idStat) VALUES (7, 4, 20);
INSERT INTO CharacterStat (idCharacter, idSlot, idStat) VALUES (7, 5, 13);
INSERT INTO CharacterStat (idCharacter, idSlot, idStat) VALUES (7, 6, 18);
INSERT INTO CharacterStat (idCharacter, idSlot, idStat) VALUES (7, 7, 33);
INSERT INTO CharacterStat (idCharacter, idSlot, idStat) VALUES (7, 8, 12);
INSERT INTO CharacterStat (idCharacter, idSlot, idStat) VALUES (8, 1, 10);
INSERT INTO CharacterStat (idCharacter, idSlot, idStat) VALUES (8, 2, 33);
INSERT INTO CharacterStat (idCharacter, idSlot, idStat) VALUES (8, 3, 23);
INSERT INTO CharacterStat (idCharacter, idSlot, idStat) VALUES (8, 4, 5);
INSERT INTO CharacterStat (idCharacter, idSlot, idStat) VALUES (8, 5, 9);
INSERT INTO CharacterStat (idCharacter, idSlot, idStat) VALUES (8, 6, 33);
INSERT INTO CharacterStat (idCharacter, idSlot, idStat) VALUES (8, 7, 2);
INSERT INTO CharacterStat (idCharacter, idSlot, idStat) VALUES (8, 8, 7);
INSERT INTO CharacterStat (idCharacter, idSlot, idStat) VALUES (9, 1, 30);
INSERT INTO CharacterStat (idCharacter, idSlot, idStat) VALUES (9, 2, 33);
INSERT INTO CharacterStat (idCharacter, idSlot, idStat) VALUES (9, 3, 25);
INSERT INTO CharacterStat (idCharacter, idSlot, idStat) VALUES (9, 4, 20);
INSERT INTO CharacterStat (idCharacter, idSlot, idStat) VALUES (9, 5, 25);
INSERT INTO CharacterStat (idCharacter, idSlot, idStat) VALUES (9, 6, 19);
INSERT INTO CharacterStat (idCharacter, idSlot, idStat) VALUES (9, 7, 24);
INSERT INTO CharacterStat (idCharacter, idSlot, idStat) VALUES (9, 8, 7);
INSERT INTO CharacterStat (idCharacter, idSlot, idStat) VALUES (10, 1, 9);
INSERT INTO CharacterStat (idCharacter, idSlot, idStat) VALUES (10, 2, 33);
INSERT INTO CharacterStat (idCharacter, idSlot, idStat) VALUES (10, 3, 29);
INSERT INTO CharacterStat (idCharacter, idSlot, idStat) VALUES (10, 4, 5);
INSERT INTO CharacterStat (idCharacter, idSlot, idStat) VALUES (10, 5, 9);
INSERT INTO CharacterStat (idCharacter, idSlot, idStat) VALUES (10, 6, 33);
INSERT INTO CharacterStat (idCharacter, idSlot, idStat) VALUES (10, 7, 2);
INSERT INTO CharacterStat (idCharacter, idSlot, idStat) VALUES (10, 8, 7);
INSERT INTO CharacterStat (idCharacter, idSlot, idStat) VALUES (11, 1, 8);
INSERT INTO CharacterStat (idCharacter, idSlot, idStat) VALUES (11, 2, 6);
INSERT INTO CharacterStat (idCharacter, idSlot, idStat) VALUES (11, 3, 27);
INSERT INTO CharacterStat (idCharacter, idSlot, idStat) VALUES (11, 4, 2);
INSERT INTO CharacterStat (idCharacter, idSlot, idStat) VALUES (11, 5, 9);
INSERT INTO CharacterStat (idCharacter, idSlot, idStat) VALUES (11, 6, 2);
INSERT INTO CharacterStat (idCharacter, idSlot, idStat) VALUES (11, 7, 33);
INSERT INTO CharacterStat (idCharacter, idSlot, idStat) VALUES (11, 8, 7);
INSERT INTO CharacterStat (idCharacter, idSlot, idStat) VALUES (12, 1, 2);
INSERT INTO CharacterStat (idCharacter, idSlot, idStat) VALUES (12, 2, 6);
INSERT INTO CharacterStat (idCharacter, idSlot, idStat) VALUES (12, 3, 29);
INSERT INTO CharacterStat (idCharacter, idSlot, idStat) VALUES (12, 4, 2);
INSERT INTO CharacterStat (idCharacter, idSlot, idStat) VALUES (12, 5, 2);
INSERT INTO CharacterStat (idCharacter, idSlot, idStat) VALUES (12, 6, 33);
INSERT INTO CharacterStat (idCharacter, idSlot, idStat) VALUES (12, 7, 18);
INSERT INTO CharacterStat (idCharacter, idSlot, idStat) VALUES (12, 8, 7);
INSERT INTO CharacterStat (idCharacter, idSlot, idStat) VALUES (13, 1, 2);
INSERT INTO CharacterStat (idCharacter, idSlot, idStat) VALUES (13, 2, 6);
INSERT INTO CharacterStat (idCharacter, idSlot, idStat) VALUES (13, 3, 28);
INSERT INTO CharacterStat (idCharacter, idSlot, idStat) VALUES (13, 4, 20);
INSERT INTO CharacterStat (idCharacter, idSlot, idStat) VALUES (13, 5, 33);
INSERT INTO CharacterStat (idCharacter, idSlot, idStat) VALUES (13, 6, 2);
INSERT INTO CharacterStat (idCharacter, idSlot, idStat) VALUES (13, 7, 7);
INSERT INTO CharacterStat (idCharacter, idSlot, idStat) VALUES (13, 8, 11);
INSERT INTO CharacterStat (idCharacter, idSlot, idStat) VALUES (14, 1, 11);
INSERT INTO CharacterStat (idCharacter, idSlot, idStat) VALUES (14, 2, 2);
INSERT INTO CharacterStat (idCharacter, idSlot, idStat) VALUES (14, 3, 32);
INSERT INTO CharacterStat (idCharacter, idSlot, idStat) VALUES (14, 4, 3);
INSERT INTO CharacterStat (idCharacter, idSlot, idStat) VALUES (14, 5, 9);
INSERT INTO CharacterStat (idCharacter, idSlot, idStat) VALUES (14, 6, 33);
INSERT INTO CharacterStat (idCharacter, idSlot, idStat) VALUES (14, 7, 2);
INSERT INTO CharacterStat (idCharacter, idSlot, idStat) VALUES (14, 8, 7);
INSERT INTO CharacterStat (idCharacter, idSlot, idStat) VALUES (15, 1, 4);
INSERT INTO CharacterStat (idCharacter, idSlot, idStat) VALUES (15, 2, 6);
INSERT INTO CharacterStat (idCharacter, idSlot, idStat) VALUES (15, 3, 32);
INSERT INTO CharacterStat (idCharacter, idSlot, idStat) VALUES (15, 4, 5);
INSERT INTO CharacterStat (idCharacter, idSlot, idStat) VALUES (15, 5, 18);
INSERT INTO CharacterStat (idCharacter, idSlot, idStat) VALUES (15, 6, 33);
INSERT INTO CharacterStat (idCharacter, idSlot, idStat) VALUES (15, 7, 2);
INSERT INTO CharacterStat (idCharacter, idSlot, idStat) VALUES (15, 8, 7);
INSERT INTO CharacterStat (idCharacter, idSlot, idStat) VALUES (16, 1, 9);
INSERT INTO CharacterStat (idCharacter, idSlot, idStat) VALUES (16, 2, 33);
INSERT INTO CharacterStat (idCharacter, idSlot, idStat) VALUES (16, 3, 23);
INSERT INTO CharacterStat (idCharacter, idSlot, idStat) VALUES (16, 4, 2);
INSERT INTO CharacterStat (idCharacter, idSlot, idStat) VALUES (16, 5, 9);
INSERT INTO CharacterStat (idCharacter, idSlot, idStat) VALUES (16, 6, 2);
INSERT INTO CharacterStat (idCharacter, idSlot, idStat) VALUES (16, 7, 33);
INSERT INTO CharacterStat (idCharacter, idSlot, idStat) VALUES (16, 8, 7);
INSERT INTO CharacterStat (idCharacter, idSlot, idStat) VALUES (17, 1, 13);
INSERT INTO CharacterStat (idCharacter, idSlot, idStat) VALUES (17, 2, 17);
INSERT INTO CharacterStat (idCharacter, idSlot, idStat) VALUES (17, 3, 13);
INSERT INTO CharacterStat (idCharacter, idSlot, idStat) VALUES (17, 4, 15);
INSERT INTO CharacterStat (idCharacter, idSlot, idStat) VALUES (17, 5, 13);
INSERT INTO CharacterStat (idCharacter, idSlot, idStat) VALUES (17, 6, 12);
INSERT INTO CharacterStat (idCharacter, idSlot, idStat) VALUES (17, 7, 33);
INSERT INTO CharacterStat (idCharacter, idSlot, idStat) VALUES (17, 8, 19);
INSERT INTO CharacterStat (idCharacter, idSlot, idStat) VALUES (18, 1, 9);
INSERT INTO CharacterStat (idCharacter, idSlot, idStat) VALUES (18, 2, 6);
INSERT INTO CharacterStat (idCharacter, idSlot, idStat) VALUES (18, 3, 31);
INSERT INTO CharacterStat (idCharacter, idSlot, idStat) VALUES (18, 4, 3);
INSERT INTO CharacterStat (idCharacter, idSlot, idStat) VALUES (18, 5, 9);
INSERT INTO CharacterStat (idCharacter, idSlot, idStat) VALUES (18, 6, 2);
INSERT INTO CharacterStat (idCharacter, idSlot, idStat) VALUES (18, 7, 7);
INSERT INTO CharacterStat (idCharacter, idSlot, idStat) VALUES (18, 8, 33);
INSERT INTO CharacterStat (idCharacter, idSlot, idStat) VALUES (19, 1, 10);
INSERT INTO CharacterStat (idCharacter, idSlot, idStat) VALUES (19, 2, 33);
INSERT INTO CharacterStat (idCharacter, idSlot, idStat) VALUES (19, 3, 28);
INSERT INTO CharacterStat (idCharacter, idSlot, idStat) VALUES (19, 4, 20);
INSERT INTO CharacterStat (idCharacter, idSlot, idStat) VALUES (19, 5, 18);
INSERT INTO CharacterStat (idCharacter, idSlot, idStat) VALUES (19, 6, 9);
INSERT INTO CharacterStat (idCharacter, idSlot, idStat) VALUES (19, 7, 33);
INSERT INTO CharacterStat (idCharacter, idSlot, idStat) VALUES (19, 8, 2);
INSERT INTO CharacterStat (idCharacter, idSlot, idStat) VALUES (20, 1, 9);
INSERT INTO CharacterStat (idCharacter, idSlot, idStat) VALUES (20, 2, 6);
INSERT INTO CharacterStat (idCharacter, idSlot, idStat) VALUES (20, 3, 27);
INSERT INTO CharacterStat (idCharacter, idSlot, idStat) VALUES (20, 4, 5);
INSERT INTO CharacterStat (idCharacter, idSlot, idStat) VALUES (20, 5, 9);
INSERT INTO CharacterStat (idCharacter, idSlot, idStat) VALUES (20, 6, 2);
INSERT INTO CharacterStat (idCharacter, idSlot, idStat) VALUES (20, 7, 33);
INSERT INTO CharacterStat (idCharacter, idSlot, idStat) VALUES (20, 8, 7);
INSERT INTO CharacterStat (idCharacter, idSlot, idStat) VALUES (21, 1, 9);
INSERT INTO CharacterStat (idCharacter, idSlot, idStat) VALUES (21, 2, 6);
INSERT INTO CharacterStat (idCharacter, idSlot, idStat) VALUES (21, 3, 29);
INSERT INTO CharacterStat (idCharacter, idSlot, idStat) VALUES (21, 4, 5);
INSERT INTO CharacterStat (idCharacter, idSlot, idStat) VALUES (21, 5, 9);
INSERT INTO CharacterStat (idCharacter, idSlot, idStat) VALUES (21, 6, 2);
INSERT INTO CharacterStat (idCharacter, idSlot, idStat) VALUES (21, 7, 33);
INSERT INTO CharacterStat (idCharacter, idSlot, idStat) VALUES (21, 8, 7);
INSERT INTO CharacterStat (idCharacter, idSlot, idStat) VALUES (22, 1, 9);
INSERT INTO CharacterStat (idCharacter, idSlot, idStat) VALUES (22, 2, 2);
INSERT INTO CharacterStat (idCharacter, idSlot, idStat) VALUES (22, 3, 23);
INSERT INTO CharacterStat (idCharacter, idSlot, idStat) VALUES (22, 4, 20);
INSERT INTO CharacterStat (idCharacter, idSlot, idStat) VALUES (22, 5, 9);
INSERT INTO CharacterStat (idCharacter, idSlot, idStat) VALUES (22, 6, 2);
INSERT INTO CharacterStat (idCharacter, idSlot, idStat) VALUES (22, 7, 33);
INSERT INTO CharacterStat (idCharacter, idSlot, idStat) VALUES (22, 8, 7);
INSERT INTO CharacterStat (idCharacter, idSlot, idStat) VALUES (23, 1, 9);
INSERT INTO CharacterStat (idCharacter, idSlot, idStat) VALUES (23, 2, 6);
INSERT INTO CharacterStat (idCharacter, idSlot, idStat) VALUES (23, 3, 34);
INSERT INTO CharacterStat (idCharacter, idSlot, idStat) VALUES (23, 4, 5);
INSERT INTO CharacterStat (idCharacter, idSlot, idStat) VALUES (23, 5, 9);
INSERT INTO CharacterStat (idCharacter, idSlot, idStat) VALUES (23, 6, 2);
INSERT INTO CharacterStat (idCharacter, idSlot, idStat) VALUES (23, 7, 33);
INSERT INTO CharacterStat (idCharacter, idSlot, idStat) VALUES (23, 8, 7);
INSERT INTO CharacterStat (idCharacter, idSlot, idStat) VALUES (24, 1, 2);
INSERT INTO CharacterStat (idCharacter, idSlot, idStat) VALUES (24, 2, 33);
INSERT INTO CharacterStat (idCharacter, idSlot, idStat) VALUES (24, 3, 23);
INSERT INTO CharacterStat (idCharacter, idSlot, idStat) VALUES (24, 4, 2);
INSERT INTO CharacterStat (idCharacter, idSlot, idStat) VALUES (24, 5, 18);
INSERT INTO CharacterStat (idCharacter, idSlot, idStat) VALUES (24, 6, 33);
INSERT INTO CharacterStat (idCharacter, idSlot, idStat) VALUES (24, 7, 2);
INSERT INTO CharacterStat (idCharacter, idSlot, idStat) VALUES (24, 8, 7);
INSERT INTO CharacterStat (idCharacter, idSlot, idStat) VALUES (25, 1, 9);
INSERT INTO CharacterStat (idCharacter, idSlot, idStat) VALUES (25, 2, 33);
INSERT INTO CharacterStat (idCharacter, idSlot, idStat) VALUES (25, 3, 27);
INSERT INTO CharacterStat (idCharacter, idSlot, idStat) VALUES (25, 4, 5);
INSERT INTO CharacterStat (idCharacter, idSlot, idStat) VALUES (25, 5, 9);
INSERT INTO CharacterStat (idCharacter, idSlot, idStat) VALUES (25, 6, 33);
INSERT INTO CharacterStat (idCharacter, idSlot, idStat) VALUES (25, 7, 2);
INSERT INTO CharacterStat (idCharacter, idSlot, idStat) VALUES (25, 8, 7);
INSERT INTO CharacterStat (idCharacter, idSlot, idStat) VALUES (26, 1, 9);
INSERT INTO CharacterStat (idCharacter, idSlot, idStat) VALUES (26, 2, 6);
INSERT INTO CharacterStat (idCharacter, idSlot, idStat) VALUES (26, 3, 23);
INSERT INTO CharacterStat (idCharacter, idSlot, idStat) VALUES (26, 4, 5);
INSERT INTO CharacterStat (idCharacter, idSlot, idStat) VALUES (26, 5, 9);
INSERT INTO CharacterStat (idCharacter, idSlot, idStat) VALUES (26, 6, 2);
INSERT INTO CharacterStat (idCharacter, idSlot, idStat) VALUES (26, 7, 18);
INSERT INTO CharacterStat (idCharacter, idSlot, idStat) VALUES (26, 8, 7);
INSERT INTO CharacterStat (idCharacter, idSlot, idStat) VALUES (27, 1, 2);
INSERT INTO CharacterStat (idCharacter, idSlot, idStat) VALUES (27, 2, 6);
INSERT INTO CharacterStat (idCharacter, idSlot, idStat) VALUES (27, 3, 31);
INSERT INTO CharacterStat (idCharacter, idSlot, idStat) VALUES (27, 4, 2);
INSERT INTO CharacterStat (idCharacter, idSlot, idStat) VALUES (27, 5, 33);
INSERT INTO CharacterStat (idCharacter, idSlot, idStat) VALUES (27, 6, 2);
INSERT INTO CharacterStat (idCharacter, idSlot, idStat) VALUES (27, 7, 18);
INSERT INTO CharacterStat (idCharacter, idSlot, idStat) VALUES (27, 8, 7);
INSERT INTO CharacterStat (idCharacter, idSlot, idStat) VALUES (28, 1, 30);
INSERT INTO CharacterStat (idCharacter, idSlot, idStat) VALUES (28, 2, 33);
INSERT INTO CharacterStat (idCharacter, idSlot, idStat) VALUES (28, 3, 25);
INSERT INTO CharacterStat (idCharacter, idSlot, idStat) VALUES (28, 4, 25);
INSERT INTO CharacterStat (idCharacter, idSlot, idStat) VALUES (28, 5, 25);
INSERT INTO CharacterStat (idCharacter, idSlot, idStat) VALUES (28, 6, 33);
INSERT INTO CharacterStat (idCharacter, idSlot, idStat) VALUES (28, 7, 24);
INSERT INTO CharacterStat (idCharacter, idSlot, idStat) VALUES (28, 8, 19);
INSERT INTO CharacterStat (idCharacter, idSlot, idStat) VALUES (29, 1, 14);
INSERT INTO CharacterStat (idCharacter, idSlot, idStat) VALUES (29, 2, 33);
INSERT INTO CharacterStat (idCharacter, idSlot, idStat) VALUES (29, 3, 13);
INSERT INTO CharacterStat (idCharacter, idSlot, idStat) VALUES (29, 4, 20);
INSERT INTO CharacterStat (idCharacter, idSlot, idStat) VALUES (29, 5, 13);
INSERT INTO CharacterStat (idCharacter, idSlot, idStat) VALUES (29, 6, 18);
INSERT INTO CharacterStat (idCharacter, idSlot, idStat) VALUES (29, 7, 33);
INSERT INTO CharacterStat (idCharacter, idSlot, idStat) VALUES (29, 8, 12);
INSERT INTO CharacterStat (idCharacter, idSlot, idStat) VALUES (30, 1, 30);
INSERT INTO CharacterStat (idCharacter, idSlot, idStat) VALUES (30, 2, 33);
INSERT INTO CharacterStat (idCharacter, idSlot, idStat) VALUES (30, 3, 25);
INSERT INTO CharacterStat (idCharacter, idSlot, idStat) VALUES (30, 4, 20);
INSERT INTO CharacterStat (idCharacter, idSlot, idStat) VALUES (30, 5, 25);
INSERT INTO CharacterStat (idCharacter, idSlot, idStat) VALUES (30, 6, 24);
INSERT INTO CharacterStat (idCharacter, idSlot, idStat) VALUES (30, 7, 33);
INSERT INTO CharacterStat (idCharacter, idSlot, idStat) VALUES (30, 8, 19);
INSERT INTO CharacterStat (idCharacter, idSlot, idStat) VALUES (31, 1, 10);
INSERT INTO CharacterStat (idCharacter, idSlot, idStat) VALUES (31, 2, 2);
INSERT INTO CharacterStat (idCharacter, idSlot, idStat) VALUES (31, 3, 27);
INSERT INTO CharacterStat (idCharacter, idSlot, idStat) VALUES (31, 4, 20);
INSERT INTO CharacterStat (idCharacter, idSlot, idStat) VALUES (31, 5, 18);
INSERT INTO CharacterStat (idCharacter, idSlot, idStat) VALUES (31, 6, 9);
INSERT INTO CharacterStat (idCharacter, idSlot, idStat) VALUES (31, 7, 2);
INSERT INTO CharacterStat (idCharacter, idSlot, idStat) VALUES (31, 8, 33);
INSERT INTO CharacterStat (idCharacter, idSlot, idStat) VALUES (32, 1, 9);
INSERT INTO CharacterStat (idCharacter, idSlot, idStat) VALUES (32, 2, 33);
INSERT INTO CharacterStat (idCharacter, idSlot, idStat) VALUES (32, 3, 32);
INSERT INTO CharacterStat (idCharacter, idSlot, idStat) VALUES (32, 4, 5);
INSERT INTO CharacterStat (idCharacter, idSlot, idStat) VALUES (32, 5, 9);
INSERT INTO CharacterStat (idCharacter, idSlot, idStat) VALUES (32, 6, 33);
INSERT INTO CharacterStat (idCharacter, idSlot, idStat) VALUES (32, 7, 2);
INSERT INTO CharacterStat (idCharacter, idSlot, idStat) VALUES (32, 8, 7);
INSERT INTO CharacterStat (idCharacter, idSlot, idStat) VALUES (33, 1, 4);
INSERT INTO CharacterStat (idCharacter, idSlot, idStat) VALUES (33, 2, 6);
INSERT INTO CharacterStat (idCharacter, idSlot, idStat) VALUES (33, 3, 34);
INSERT INTO CharacterStat (idCharacter, idSlot, idStat) VALUES (33, 4, 5);
INSERT INTO CharacterStat (idCharacter, idSlot, idStat) VALUES (33, 5, 18);
INSERT INTO CharacterStat (idCharacter, idSlot, idStat) VALUES (33, 6, 2);
INSERT INTO CharacterStat (idCharacter, idSlot, idStat) VALUES (33, 7, 33);
INSERT INTO CharacterStat (idCharacter, idSlot, idStat) VALUES (33, 8, 9);
INSERT INTO CharacterStat (idCharacter, idSlot, idStat) VALUES (34, 1, 9);
INSERT INTO CharacterStat (idCharacter, idSlot, idStat) VALUES (34, 2, 33);
INSERT INTO CharacterStat (idCharacter, idSlot, idStat) VALUES (34, 3, 29);
INSERT INTO CharacterStat (idCharacter, idSlot, idStat) VALUES (34, 4, 5);
INSERT INTO CharacterStat (idCharacter, idSlot, idStat) VALUES (34, 5, 9);
INSERT INTO CharacterStat (idCharacter, idSlot, idStat) VALUES (34, 6, 33);
INSERT INTO CharacterStat (idCharacter, idSlot, idStat) VALUES (34, 7, 2);
INSERT INTO CharacterStat (idCharacter, idSlot, idStat) VALUES (34, 8, 7);
INSERT INTO CharacterStat (idCharacter, idSlot, idStat) VALUES (35, 1, 9);
INSERT INTO CharacterStat (idCharacter, idSlot, idStat) VALUES (35, 2, 6);
INSERT INTO CharacterStat (idCharacter, idSlot, idStat) VALUES (35, 3, 31);
INSERT INTO CharacterStat (idCharacter, idSlot, idStat) VALUES (35, 4, 3);
INSERT INTO CharacterStat (idCharacter, idSlot, idStat) VALUES (35, 5, 9);
INSERT INTO CharacterStat (idCharacter, idSlot, idStat) VALUES (35, 6, 2);
INSERT INTO CharacterStat (idCharacter, idSlot, idStat) VALUES (35, 7, 33);
INSERT INTO CharacterStat (idCharacter, idSlot, idStat) VALUES (35, 8, 18);
INSERT INTO CharacterStat (idCharacter, idSlot, idStat) VALUES (36, 1, 2);
INSERT INTO CharacterStat (idCharacter, idSlot, idStat) VALUES (36, 2, 33);
INSERT INTO CharacterStat (idCharacter, idSlot, idStat) VALUES (36, 3, 2);
INSERT INTO CharacterStat (idCharacter, idSlot, idStat) VALUES (36, 4, 20);
INSERT INTO CharacterStat (idCharacter, idSlot, idStat) VALUES (36, 5, 33);
INSERT INTO CharacterStat (idCharacter, idSlot, idStat) VALUES (36, 6, 2);
INSERT INTO CharacterStat (idCharacter, idSlot, idStat) VALUES (36, 7, 19);
INSERT INTO CharacterStat (idCharacter, idSlot, idStat) VALUES (36, 8, 25);
INSERT INTO CharacterStat (idCharacter, idSlot, idStat) VALUES (37, 1, 9);
INSERT INTO CharacterStat (idCharacter, idSlot, idStat) VALUES (37, 2, 33);
INSERT INTO CharacterStat (idCharacter, idSlot, idStat) VALUES (37, 3, 28);
INSERT INTO CharacterStat (idCharacter, idSlot, idStat) VALUES (37, 4, 20);
INSERT INTO CharacterStat (idCharacter, idSlot, idStat) VALUES (37, 5, 33);
INSERT INTO CharacterStat (idCharacter, idSlot, idStat) VALUES (37, 6, 9);
INSERT INTO CharacterStat (idCharacter, idSlot, idStat) VALUES (37, 7, 2);
INSERT INTO CharacterStat (idCharacter, idSlot, idStat) VALUES (37, 8, 7);

-- Script INSERT for the table "CharacterItem"
INSERT INTO CharacterItem (idCharacter, idSlot, idItem) VALUES (1, 9, 10);
INSERT INTO CharacterItem (idCharacter, idSlot, idItem) VALUES (1, 10, 10);
INSERT INTO CharacterItem (idCharacter, idSlot, idItem) VALUES (1, 10, 12);
INSERT INTO CharacterItem (idCharacter, idSlot, idItem) VALUES (1, 11, 9);
INSERT INTO CharacterItem (idCharacter, idSlot, idItem) VALUES (1, 11, 10);
INSERT INTO CharacterItem (idCharacter, idSlot, idItem) VALUES (1, 12, 21);
INSERT INTO CharacterItem (idCharacter, idSlot, idItem) VALUES (1, 13, 18);
INSERT INTO CharacterItem (idCharacter, idSlot, idItem) VALUES (2, 9, 9);
INSERT INTO CharacterItem (idCharacter, idSlot, idItem) VALUES (2, 10, 3);
INSERT INTO CharacterItem (idCharacter, idSlot, idItem) VALUES (2, 10, 9);
INSERT INTO CharacterItem (idCharacter, idSlot, idItem) VALUES (2, 11, 9);
INSERT INTO CharacterItem (idCharacter, idSlot, idItem) VALUES (2, 11, 10);
INSERT INTO CharacterItem (idCharacter, idSlot, idItem) VALUES (2, 12, 25);
INSERT INTO CharacterItem (idCharacter, idSlot, idItem) VALUES (2, 13, 22);
INSERT INTO CharacterItem (idCharacter, idSlot, idItem) VALUES (3, 9, 10);
INSERT INTO CharacterItem (idCharacter, idSlot, idItem) VALUES (3, 10, 11);
INSERT INTO CharacterItem (idCharacter, idSlot, idItem) VALUES (3, 11, 3);
INSERT INTO CharacterItem (idCharacter, idSlot, idItem) VALUES (3, 12, 21);
INSERT INTO CharacterItem (idCharacter, idSlot, idItem) VALUES (3, 13, 18);
INSERT INTO CharacterItem (idCharacter, idSlot, idItem) VALUES (4, 9, 2);
INSERT INTO CharacterItem (idCharacter, idSlot, idItem) VALUES (4, 10, 2);
INSERT INTO CharacterItem (idCharacter, idSlot, idItem) VALUES (4, 10, 14);
INSERT INTO CharacterItem (idCharacter, idSlot, idItem) VALUES (4, 11, 2);
INSERT INTO CharacterItem (idCharacter, idSlot, idItem) VALUES (4, 11, 6);
INSERT INTO CharacterItem (idCharacter, idSlot, idItem) VALUES (4, 12, 22);
INSERT INTO CharacterItem (idCharacter, idSlot, idItem) VALUES (4, 13, 20);
INSERT INTO CharacterItem (idCharacter, idSlot, idItem) VALUES (5, 9, 16);
INSERT INTO CharacterItem (idCharacter, idSlot, idItem) VALUES (5, 10, 11);
INSERT INTO CharacterItem (idCharacter, idSlot, idItem) VALUES (5, 10, 16);
INSERT INTO CharacterItem (idCharacter, idSlot, idItem) VALUES (5, 11, 11);
INSERT INTO CharacterItem (idCharacter, idSlot, idItem) VALUES (5, 12, 20);
INSERT INTO CharacterItem (idCharacter, idSlot, idItem) VALUES (5, 13, 25);
INSERT INTO CharacterItem (idCharacter, idSlot, idItem) VALUES (6, 9, 6);
INSERT INTO CharacterItem (idCharacter, idSlot, idItem) VALUES (6, 9, 9);
INSERT INTO CharacterItem (idCharacter, idSlot, idItem) VALUES (6, 10, 6);
INSERT INTO CharacterItem (idCharacter, idSlot, idItem) VALUES (6, 10, 10);
INSERT INTO CharacterItem (idCharacter, idSlot, idItem) VALUES (6, 11, 6);
INSERT INTO CharacterItem (idCharacter, idSlot, idItem) VALUES (6, 11, 8);
INSERT INTO CharacterItem (idCharacter, idSlot, idItem) VALUES (6, 12, 21);
INSERT INTO CharacterItem (idCharacter, idSlot, idItem) VALUES (6, 13, 18);
INSERT INTO CharacterItem (idCharacter, idSlot, idItem) VALUES (7, 9, 8);
INSERT INTO CharacterItem (idCharacter, idSlot, idItem) VALUES (7, 10, 6);
INSERT INTO CharacterItem (idCharacter, idSlot, idItem) VALUES (7, 10, 8);
INSERT INTO CharacterItem (idCharacter, idSlot, idItem) VALUES (7, 11, 6);
INSERT INTO CharacterItem (idCharacter, idSlot, idItem) VALUES (7, 12, 27);
INSERT INTO CharacterItem (idCharacter, idSlot, idItem) VALUES (7, 13, 17);
INSERT INTO CharacterItem (idCharacter, idSlot, idItem) VALUES (8, 9, 14);
INSERT INTO CharacterItem (idCharacter, idSlot, idItem) VALUES (8, 10, 4);
INSERT INTO CharacterItem (idCharacter, idSlot, idItem) VALUES (8, 10, 11);
INSERT INTO CharacterItem (idCharacter, idSlot, idItem) VALUES (8, 11, 4);
INSERT INTO CharacterItem (idCharacter, idSlot, idItem) VALUES (8, 12, 20);
INSERT INTO CharacterItem (idCharacter, idSlot, idItem) VALUES (8, 13, 26);
INSERT INTO CharacterItem (idCharacter, idSlot, idItem) VALUES (9, 9, 10);
INSERT INTO CharacterItem (idCharacter, idSlot, idItem) VALUES (9, 10, 12);
INSERT INTO CharacterItem (idCharacter, idSlot, idItem) VALUES (9, 11, 9);
INSERT INTO CharacterItem (idCharacter, idSlot, idItem) VALUES (9, 11, 10);
INSERT INTO CharacterItem (idCharacter, idSlot, idItem) VALUES (9, 12, 21);
INSERT INTO CharacterItem (idCharacter, idSlot, idItem) VALUES (9, 13, 18);
INSERT INTO CharacterItem (idCharacter, idSlot, idItem) VALUES (10, 9, 14);
INSERT INTO CharacterItem (idCharacter, idSlot, idItem) VALUES (10, 10, 1);
INSERT INTO CharacterItem (idCharacter, idSlot, idItem) VALUES (10, 11, 1);
INSERT INTO CharacterItem (idCharacter, idSlot, idItem) VALUES (10, 12, 22);
INSERT INTO CharacterItem (idCharacter, idSlot, idItem) VALUES (10, 13, 20);
INSERT INTO CharacterItem (idCharacter, idSlot, idItem) VALUES (11, 9, 7);
INSERT INTO CharacterItem (idCharacter, idSlot, idItem) VALUES (11, 10, 5);
INSERT INTO CharacterItem (idCharacter, idSlot, idItem) VALUES (11, 11, 7);
INSERT INTO CharacterItem (idCharacter, idSlot, idItem) VALUES (11, 11, 11);
INSERT INTO CharacterItem (idCharacter, idSlot, idItem) VALUES (11, 12, 20);
INSERT INTO CharacterItem (idCharacter, idSlot, idItem) VALUES (11, 13, 25);
INSERT INTO CharacterItem (idCharacter, idSlot, idItem) VALUES (12, 9, 13);
INSERT INTO CharacterItem (idCharacter, idSlot, idItem) VALUES (12, 10, 1);
INSERT INTO CharacterItem (idCharacter, idSlot, idItem) VALUES (12, 11, 1);
INSERT INTO CharacterItem (idCharacter, idSlot, idItem) VALUES (12, 12, 20);
INSERT INTO CharacterItem (idCharacter, idSlot, idItem) VALUES (12, 13, 26);
INSERT INTO CharacterItem (idCharacter, idSlot, idItem) VALUES (13, 9, 11);
INSERT INTO CharacterItem (idCharacter, idSlot, idItem) VALUES (13, 10, 10);
INSERT INTO CharacterItem (idCharacter, idSlot, idItem) VALUES (13, 10, 11);
INSERT INTO CharacterItem (idCharacter, idSlot, idItem) VALUES (13, 11, 11);
INSERT INTO CharacterItem (idCharacter, idSlot, idItem) VALUES (13, 11, 16);
INSERT INTO CharacterItem (idCharacter, idSlot, idItem) VALUES (13, 12, 21);
INSERT INTO CharacterItem (idCharacter, idSlot, idItem) VALUES (13, 13, 18);
INSERT INTO CharacterItem (idCharacter, idSlot, idItem) VALUES (14, 9, 5);
INSERT INTO CharacterItem (idCharacter, idSlot, idItem) VALUES (14, 10, 5);
INSERT INTO CharacterItem (idCharacter, idSlot, idItem) VALUES (14, 10, 11);
INSERT INTO CharacterItem (idCharacter, idSlot, idItem) VALUES (14, 11, 11);
INSERT INTO CharacterItem (idCharacter, idSlot, idItem) VALUES (14, 12, 20);
INSERT INTO CharacterItem (idCharacter, idSlot, idItem) VALUES (14, 13, 25);
INSERT INTO CharacterItem (idCharacter, idSlot, idItem) VALUES (15, 9, 11);
INSERT INTO CharacterItem (idCharacter, idSlot, idItem) VALUES (15, 10, 5);
INSERT INTO CharacterItem (idCharacter, idSlot, idItem) VALUES (15, 11, 5);
INSERT INTO CharacterItem (idCharacter, idSlot, idItem) VALUES (15, 11, 11);
INSERT INTO CharacterItem (idCharacter, idSlot, idItem) VALUES (15, 12, 23);
INSERT INTO CharacterItem (idCharacter, idSlot, idItem) VALUES (15, 13, 21);
INSERT INTO CharacterItem (idCharacter, idSlot, idItem) VALUES (16, 9, 14);
INSERT INTO CharacterItem (idCharacter, idSlot, idItem) VALUES (16, 10, 4);
INSERT INTO CharacterItem (idCharacter, idSlot, idItem) VALUES (16, 10, 14);
INSERT INTO CharacterItem (idCharacter, idSlot, idItem) VALUES (16, 11, 11);
INSERT INTO CharacterItem (idCharacter, idSlot, idItem) VALUES (16, 11, 14);
INSERT INTO CharacterItem (idCharacter, idSlot, idItem) VALUES (16, 12, 22);
INSERT INTO CharacterItem (idCharacter, idSlot, idItem) VALUES (16, 13, 20);
INSERT INTO CharacterItem (idCharacter, idSlot, idItem) VALUES (17, 9, 6);
INSERT INTO CharacterItem (idCharacter, idSlot, idItem) VALUES (17, 9, 8);
INSERT INTO CharacterItem (idCharacter, idSlot, idItem) VALUES (17, 10, 8);
INSERT INTO CharacterItem (idCharacter, idSlot, idItem) VALUES (17, 11, 6);
INSERT INTO CharacterItem (idCharacter, idSlot, idItem) VALUES (17, 12, 27);
INSERT INTO CharacterItem (idCharacter, idSlot, idItem) VALUES (17, 13, 17);
INSERT INTO CharacterItem (idCharacter, idSlot, idItem) VALUES (18, 9, 2);
INSERT INTO CharacterItem (idCharacter, idSlot, idItem) VALUES (18, 10, 2);
INSERT INTO CharacterItem (idCharacter, idSlot, idItem) VALUES (18, 10, 11);
INSERT INTO CharacterItem (idCharacter, idSlot, idItem) VALUES (18, 11, 2);
INSERT INTO CharacterItem (idCharacter, idSlot, idItem) VALUES (18, 12, 20);
INSERT INTO CharacterItem (idCharacter, idSlot, idItem) VALUES (18, 13, 25);
INSERT INTO CharacterItem (idCharacter, idSlot, idItem) VALUES (19, 9, 16);
INSERT INTO CharacterItem (idCharacter, idSlot, idItem) VALUES (19, 10, 3);
INSERT INTO CharacterItem (idCharacter, idSlot, idItem) VALUES (19, 11, 11);
INSERT INTO CharacterItem (idCharacter, idSlot, idItem) VALUES (19, 12, 25);
INSERT INTO CharacterItem (idCharacter, idSlot, idItem) VALUES (19, 13, 23);
INSERT INTO CharacterItem (idCharacter, idSlot, idItem) VALUES (20, 9, 7);
INSERT INTO CharacterItem (idCharacter, idSlot, idItem) VALUES (20, 9, 11);
INSERT INTO CharacterItem (idCharacter, idSlot, idItem) VALUES (20, 10, 7);
INSERT INTO CharacterItem (idCharacter, idSlot, idItem) VALUES (20, 11, 11);
INSERT INTO CharacterItem (idCharacter, idSlot, idItem) VALUES (20, 12, 20);
INSERT INTO CharacterItem (idCharacter, idSlot, idItem) VALUES (20, 13, 26);
INSERT INTO CharacterItem (idCharacter, idSlot, idItem) VALUES (21, 9, 1);
INSERT INTO CharacterItem (idCharacter, idSlot, idItem) VALUES (21, 10, 1);
INSERT INTO CharacterItem (idCharacter, idSlot, idItem) VALUES (21, 10, 11);
INSERT INTO CharacterItem (idCharacter, idSlot, idItem) VALUES (21, 12, 20);
INSERT INTO CharacterItem (idCharacter, idSlot, idItem) VALUES (21, 13, 25);
INSERT INTO CharacterItem (idCharacter, idSlot, idItem) VALUES (22, 9, 10);
INSERT INTO CharacterItem (idCharacter, idSlot, idItem) VALUES (22, 10, 15);
INSERT INTO CharacterItem (idCharacter, idSlot, idItem) VALUES (22, 11, 11);
INSERT INTO CharacterItem (idCharacter, idSlot, idItem) VALUES (22, 12, 21);
INSERT INTO CharacterItem (idCharacter, idSlot, idItem) VALUES (22, 13, 27);
INSERT INTO CharacterItem (idCharacter, idSlot, idItem) VALUES (23, 9, 3);
INSERT INTO CharacterItem (idCharacter, idSlot, idItem) VALUES (23, 10, 3);
INSERT INTO CharacterItem (idCharacter, idSlot, idItem) VALUES (23, 10, 11);
INSERT INTO CharacterItem (idCharacter, idSlot, idItem) VALUES (23, 11, 11);
INSERT INTO CharacterItem (idCharacter, idSlot, idItem) VALUES (23, 12, 20);
INSERT INTO CharacterItem (idCharacter, idSlot, idItem) VALUES (23, 13, 25);
INSERT INTO CharacterItem (idCharacter, idSlot, idItem) VALUES (24, 9, 13);
INSERT INTO CharacterItem (idCharacter, idSlot, idItem) VALUES (24, 10, 4);
INSERT INTO CharacterItem (idCharacter, idSlot, idItem) VALUES (24, 11, 4);
INSERT INTO CharacterItem (idCharacter, idSlot, idItem) VALUES (24, 11, 13);
INSERT INTO CharacterItem (idCharacter, idSlot, idItem) VALUES (24, 12, 20);
INSERT INTO CharacterItem (idCharacter, idSlot, idItem) VALUES (24, 13, 26);
INSERT INTO CharacterItem (idCharacter, idSlot, idItem) VALUES (25, 9, 7);
INSERT INTO CharacterItem (idCharacter, idSlot, idItem) VALUES (25, 9, 11);
INSERT INTO CharacterItem (idCharacter, idSlot, idItem) VALUES (25, 10, 7);
INSERT INTO CharacterItem (idCharacter, idSlot, idItem) VALUES (25, 11, 11);
INSERT INTO CharacterItem (idCharacter, idSlot, idItem) VALUES (25, 12, 22);
INSERT INTO CharacterItem (idCharacter, idSlot, idItem) VALUES (25, 13, 20);
INSERT INTO CharacterItem (idCharacter, idSlot, idItem) VALUES (26, 9, 4);
INSERT INTO CharacterItem (idCharacter, idSlot, idItem) VALUES (26, 9, 11);
INSERT INTO CharacterItem (idCharacter, idSlot, idItem) VALUES (26, 10, 4);
INSERT INTO CharacterItem (idCharacter, idSlot, idItem) VALUES (26, 11, 4);
INSERT INTO CharacterItem (idCharacter, idSlot, idItem) VALUES (26, 12, 20);
INSERT INTO CharacterItem (idCharacter, idSlot, idItem) VALUES (26, 13, 25);
INSERT INTO CharacterItem (idCharacter, idSlot, idItem) VALUES (27, 9, 13);
INSERT INTO CharacterItem (idCharacter, idSlot, idItem) VALUES (27, 10, 2);
INSERT INTO CharacterItem (idCharacter, idSlot, idItem) VALUES (27, 11, 2);
INSERT INTO CharacterItem (idCharacter, idSlot, idItem) VALUES (27, 11, 13);
INSERT INTO CharacterItem (idCharacter, idSlot, idItem) VALUES (27, 12, 20);
INSERT INTO CharacterItem (idCharacter, idSlot, idItem) VALUES (27, 13, 26);
INSERT INTO CharacterItem (idCharacter, idSlot, idItem) VALUES (28, 9, 9);
INSERT INTO CharacterItem (idCharacter, idSlot, idItem) VALUES (28, 9, 12);
INSERT INTO CharacterItem (idCharacter, idSlot, idItem) VALUES (28, 10, 10);
INSERT INTO CharacterItem (idCharacter, idSlot, idItem) VALUES (28, 10, 12);
INSERT INTO CharacterItem (idCharacter, idSlot, idItem) VALUES (28, 11, 10);
INSERT INTO CharacterItem (idCharacter, idSlot, idItem) VALUES (28, 12, 21);
INSERT INTO CharacterItem (idCharacter, idSlot, idItem) VALUES (28, 13, 18);
INSERT INTO CharacterItem (idCharacter, idSlot, idItem) VALUES (29, 9, 8);
INSERT INTO CharacterItem (idCharacter, idSlot, idItem) VALUES (29, 12, 21);
INSERT INTO CharacterItem (idCharacter, idSlot, idItem) VALUES (29, 13, 17);
INSERT INTO CharacterItem (idCharacter, idSlot, idItem) VALUES (29, 14, 27);
INSERT INTO CharacterItem (idCharacter, idSlot, idItem) VALUES (30, 9, 10);
INSERT INTO CharacterItem (idCharacter, idSlot, idItem) VALUES (30, 10, 10);
INSERT INTO CharacterItem (idCharacter, idSlot, idItem) VALUES (30, 10, 12);
INSERT INTO CharacterItem (idCharacter, idSlot, idItem) VALUES (30, 11, 9);
INSERT INTO CharacterItem (idCharacter, idSlot, idItem) VALUES (30, 11, 10);
INSERT INTO CharacterItem (idCharacter, idSlot, idItem) VALUES (30, 12, 21);
INSERT INTO CharacterItem (idCharacter, idSlot, idItem) VALUES (30, 13, 18);
INSERT INTO CharacterItem (idCharacter, idSlot, idItem) VALUES (31, 9, 3);
INSERT INTO CharacterItem (idCharacter, idSlot, idItem) VALUES (31, 10, 11);
INSERT INTO CharacterItem (idCharacter, idSlot, idItem) VALUES (31, 12, 23);
INSERT INTO CharacterItem (idCharacter, idSlot, idItem) VALUES (31, 13, 21);
INSERT INTO CharacterItem (idCharacter, idSlot, idItem) VALUES (31, 14, 26);
INSERT INTO CharacterItem (idCharacter, idSlot, idItem) VALUES (32, 9, 5);
INSERT INTO CharacterItem (idCharacter, idSlot, idItem) VALUES (32, 10, 5);
INSERT INTO CharacterItem (idCharacter, idSlot, idItem) VALUES (32, 10, 11);
INSERT INTO CharacterItem (idCharacter, idSlot, idItem) VALUES (32, 11, 11);
INSERT INTO CharacterItem (idCharacter, idSlot, idItem) VALUES (32, 12, 20);
INSERT INTO CharacterItem (idCharacter, idSlot, idItem) VALUES (32, 13, 25);
INSERT INTO CharacterItem (idCharacter, idSlot, idItem) VALUES (33, 9, 13);
INSERT INTO CharacterItem (idCharacter, idSlot, idItem) VALUES (33, 10, 3);
INSERT INTO CharacterItem (idCharacter, idSlot, idItem) VALUES (33, 10, 13);
INSERT INTO CharacterItem (idCharacter, idSlot, idItem) VALUES (33, 11, 3);
INSERT INTO CharacterItem (idCharacter, idSlot, idItem) VALUES (33, 12, 23);
INSERT INTO CharacterItem (idCharacter, idSlot, idItem) VALUES (33, 13, 20);
INSERT INTO CharacterItem (idCharacter, idSlot, idItem) VALUES (34, 9, 1);
INSERT INTO CharacterItem (idCharacter, idSlot, idItem) VALUES (34, 10, 1);
INSERT INTO CharacterItem (idCharacter, idSlot, idItem) VALUES (34, 10, 11);
INSERT INTO CharacterItem (idCharacter, idSlot, idItem) VALUES (34, 11, 11);
INSERT INTO CharacterItem (idCharacter, idSlot, idItem) VALUES (34, 12, 20);
INSERT INTO CharacterItem (idCharacter, idSlot, idItem) VALUES (34, 13, 26);
INSERT INTO CharacterItem (idCharacter, idSlot, idItem) VALUES (35, 9, 2);
INSERT INTO CharacterItem (idCharacter, idSlot, idItem) VALUES (35, 10, 2);
INSERT INTO CharacterItem (idCharacter, idSlot, idItem) VALUES (35, 10, 11);
INSERT INTO CharacterItem (idCharacter, idSlot, idItem) VALUES (35, 11, 11);
INSERT INTO CharacterItem (idCharacter, idSlot, idItem) VALUES (35, 12, 20);
INSERT INTO CharacterItem (idCharacter, idSlot, idItem) VALUES (35, 13, 25);
INSERT INTO CharacterItem (idCharacter, idSlot, idItem) VALUES (36, 9, 11);
INSERT INTO CharacterItem (idCharacter, idSlot, idItem) VALUES (36, 10, 11);
INSERT INTO CharacterItem (idCharacter, idSlot, idItem) VALUES (36, 12, 21);
INSERT INTO CharacterItem (idCharacter, idSlot, idItem) VALUES (36, 13, 27);
INSERT INTO CharacterItem (idCharacter, idSlot, idItem) VALUES (37, 9, 11);
INSERT INTO CharacterItem (idCharacter, idSlot, idItem) VALUES (37, 9, 16);
INSERT INTO CharacterItem (idCharacter, idSlot, idItem) VALUES (37, 10, 11);
INSERT INTO CharacterItem (idCharacter, idSlot, idItem) VALUES (37, 12, 21);
INSERT INTO CharacterItem (idCharacter, idSlot, idItem) VALUES (37, 13, 18);

